id_po,ruc_universidad,nombre_universidad,especialidad
23177753,iseabrocke0,Universidad Nacional del Sur,Senior Quality Engineer
74569355,pgales1,"Federal University of Technology, Yola",Cost Accountant
56301257,rmccomiskey2,Universidad de Guanajuato,Information Systems Manager
92959518,lcoxhell3,Symbiosis International University,Programmer IV
88632578,aescoffrey4,Fachhochschule Hof,Assistant Professor
13403951,wtonner5,Lambuth University,Account Executive
10272709,aoleksiak6,Northwestern University,Quality Engineer
41279340,ebalcers7,Universidad Autónoma de Tamaulipas,Information Systems Manager
51041097,glikely8,University Institute of Architecture Venice,Senior Financial Analyst
60959170,bmoysey9,Meiji University,Compensation Analyst
62254886,llabrowa,Fort Hays State University,Financial Advisor
46203787,cfortinb,"Rajamangala University of Technology, Lanna Chiang Rai",Registered Nurse
94735737,iciccottic,University of Melbourne,Senior Financial Analyst
88223070,adurrelld,"University of Houston, Victoria",Accountant III
61114832,tgoldsworthye,Changsha University of Electric Power,Health Coach I
41779855,sguilletonf,Community College of Denver,Computer Systems Analyst I
51444357,rnorsisterg,Universidade Federal da Grande Dourados,Teacher
98625725,fdurganh,University of Massachusetts at Dartmouth,Legal Assistant
13794195,htudori,Andrew Jackson University,Environmental Tech
22586143,tjantelj,Universitas Haluoleo,Account Representative III
74599777,jbrannik,University of the Visayas,Quality Control Specialist
33019216,mbalduccil,Pharos International University,Developer I
96792619,hluffmanm,Hadhramout University of Science and Technology ,Operator
52974128,cjessettn,Toyohashi University of Technology,Desktop Support Technician
53403153,gliverseegeo,Pontificia Università della Santa Croce,Account Representative III
28666520,esiddenp,Central Institute of Higher Tibetan Studies,Research Associate
59759135,cbinesteadq,Moscow State University of Commerce,Database Administrator II
91855879,bertelr,Universidad Nacional de La Plata,Recruiter
42502804,lrehms,Aichi Gakuin University,Assistant Media Planner
83417919,nmessomt,Universidad Católica Cecilio Acosta,Analyst Programmer
42611403,mnewcombu,Villa Julie College,Mechanical Systems Engineer
42206586,gmaeerv,Samara State Technical University,Food Chemist
95474091,mkingdomw,Clarion University,VP Accounting
79112268,clubbockx,University of Montana Western,Clinical Specialist
17610956,zmalatalanty,University of Texas Pan American,Cost Accountant
18748757,rhearnz,The Manchester Metropolitan University,Community Outreach Specialist
80282770,eplastow10,Kokand State Pedagogical Institute,Biostatistician III
29974419,tgarken11,The Boston Conservatory,Chief Design Engineer
39600548,msmail12,Universidad Central del Valle del Cauca,Safety Technician III
26499559,hwedon13,Tokyo Institute of Polytechnics,Senior Sales Associate
65050414,trolse14,Hitec University,VP Product Management
10290390,ebaile15,Nipissing University,Administrative Officer
28118277,flangforth16,Cameron University,Structural Engineer
33156554,mpucknell17,Universidad Mariano Gálvez,Environmental Specialist
38368140,craigatt18,Columbia Commonwealth University,Chief Design Engineer
83254343,ecochrane19,Gwynedd-Mercy College,Environmental Tech
74485893,nstovold1a,Near East School of Theology,Senior Editor
77159074,rerasmus1b,Russel Sage College,Nurse Practicioner
26879029,pbatrim1c,St. Luke' s College of Nursing,Product Engineer
83765212,jpinkerton1d,Cevro Institut College,Staff Accountant IV
29464874,mmonkleigh1e,The Kingdom University,Nuclear Power Engineer
96613406,cbiddle1f,Purdue University North Central,Staff Accountant III
46727003,rallcott1g,Massachusetts School of Professional Psychology,Nuclear Power Engineer
13278532,hflamank1h,"Newcastle University, Medicine Malaysia ",Associate Professor
95412080,lcowper1i,Ecole Centrale de Lille,Associate Professor
28995465,pbaggally1j,Southwestern Assemblies of God University,Programmer I
77301710,bcaffin1k,Walsh College of Accountancy and Business Administration,Systems Administrator IV
47041174,mlimerick1l,Kurume University,Sales Associate
58589679,lhuntingdon1m,Universitas Indonusa Esa Unggul,Help Desk Operator
38909005,mdevlin1n,"London School of Hygiene & Tropical Medicine, University of London",Compensation Analyst
86690128,ekinsett1o,Naval Postgraduate School,Nurse Practicioner
25799561,lingold1p,Taegu University,Help Desk Technician
78661767,gtorry1q,Union College Kentucky,Operator
16796455,atomasutti1r,Universidade Veiga de Almeida,VP Quality Control
43465265,creicherz1s,Fashion Institute of New York,Senior Editor
62460316,rconneau1t,University of Health Sciences Andhra Pradesh,Speech Pathologist
57938458,mlinnitt1u,Cyryx College,Social Worker
18877633,sjobin1v,Universidad Autónoma de Tlaxcala,Nuclear Power Engineer
70651088,mtwine1w,Feati University,VP Product Management
25774359,egiorgione1x,Hainan Normal University,VP Quality Control
42856331,rstronough1y,Ozark Christian College,Professor
88011794,rstapford1z,Florida Community College at Jacksonville,Financial Analyst
91319034,rlardnar20,Bournemouth University,Help Desk Operator
90106185,araggett21,Universitas Pasundan,Civil Engineer
31126298,ffewlass22,Shanghai Second Polytechnic University,Registered Nurse
54271247,dshreenan23,Finance Academy,Desktop Support Technician
75337344,clillecrop24,Tusculum College,Director of Sales
25720790,sgoldwater25,International School of Management in Prešov,Environmental Specialist
30873518,anoton26,Bar-Ilan University,Accounting Assistant I
74111796,rsimonazzi27,Aichi Shukutoku University,VP Product Management
48056100,amerritt28,San Diego University for Integrative Studies,Account Coordinator
15045063,hferraron29,St. Anselm College,Structural Analysis Engineer
72768288,hhallex2a,Kirchliche Hochschule Bethel,Staff Scientist
64744943,ralleburton2b,College of St. Benedict and St. John's University,Cost Accountant
64364287,gvannikov2c,St. Petersburg State Mining Institute (Technical University),Web Developer I
67328943,rgreed2d,London Institute of Management and Technology,Help Desk Operator
95160451,dfathers2e,Institut de Recherche et d'Enseignement Supérieur aux Techniques de l'électronique,Quality Engineer
58785800,gmartusewicz2f,Academia Tehnica Militara,GIS Technical Architect
25880605,adibbin2g,Stratford College London,Social Worker
54426443,pcastleton2h,Islamic University of Medinah,Help Desk Technician
50332997,lbrunesco2i,Jubail University College,Quality Control Specialist
64445542,wgarcia2j,Northeastern Ohio University College of Medicine,Database Administrator II
85580053,acrutcher2k,Police Academy,Electrical Engineer
16718199,eorry2l,Mesa State College,Internal Auditor
49628957,sasee2m,University of Rajasthan,Director of Sales
56922459,igoodlud2n,Heilongjiang August 1st Reclamation University,Technical Writer
59915902,ypetrasch2o,Tallinn University of Technology,Engineer II
43685819,djozsika2p,Lambuth University,Office Assistant III
59737425,dmughal2q,Universidad de Quintana Roo,Clinical Specialist
11758582,mmcallester2r,State University of New York at Buffalo,Developer II
72166959,vriguard2s,Okinawa International University,Research Nurse
28549074,khaycock2t,Berean University of the Assemblies of God,Electrical Engineer
78748518,szannelli2u,Sonoda Women's University,Professor
51875310,klocarno2v,UCSI University,VP Sales
22306148,bklauer2w,Asbury College,General Manager
98813435,gweir2x,Hochschule Fulda,Developer I
32935970,rcracknall2y,Simon Fraser University,Internal Auditor
19253512,jrieger2z,Punjab Institute of Computer science,Nurse Practicioner
83671105,bgadaud30,Marymount College New York,VP Product Management
29327776,tdrysdall31,Technological Education Institute of Heraklion,Web Designer II
49816590,ifennell32,Kentucky Christian College,GIS Technical Architect
35671416,ddunsire33,University of Medicine and Pharmacy of Bucharest,Mechanical Systems Engineer
11488058,kyokelman34,Fachhochschule Brandenburg,Research Associate
60669262,cisac35,Shuchiin College,Account Executive
55391372,eroney36,"Physical Education Academy ""Eugeniusz Piasecki"" in Poznan",Teacher
51027310,rshearmur37,Belarussian State Medical University,Operator
86581545,dstockney38,Villa Julie College,Sales Associate
35425908,btrewinnard39,Universidad San Francisco de Quito,Nurse
47824922,bnetherwood3a,Universidad Nacional Agraria La Molina,Compensation Analyst
93243967,jruse3b,Université de Chlef,Graphic Designer
73754024,hsoggee3c,Marist College,Business Systems Development Analyst
89770348,achape3d,South Eastern Kenya University,Social Worker
27363507,bserjeantson3e,The Petroleum Institute,Director of Sales
79100755,kkassel3f,Mount Union College,Recruiter
43815062,rgeator3g,Newport International University,Payment Adjustment Coordinator
48002728,wsymms3h,Ramkhamhaeng University,Quality Control Specialist
35892445,ctrowel3i,Xiangtan University,Nuclear Power Engineer
53510858,bshilladay3j,Universidad Particular Inca Garcilaso de la Vega,Senior Financial Analyst
36029414,csetchell3k,Varna Free University,Actuary
16734012,gmacmickan3l,The Superior College ,VP Marketing
26534787,jtofano3m,Northern State Medical University,Associate Professor
17568781,csallowaye3n,IDRAC (Institut de recherche en action commerciale),Accountant I
24893515,sedlestone3o,National Academy of Fine Arts,Office Assistant IV
99551409,lmellon3p,Instituto Superior de Paços de Brandão,Recruiter
63202424,gemby3q,Universidad de las Américas,Civil Engineer
97528106,ffolker3r,National Ribat University,Information Systems Manager
25772354,rlutz3s,Western State College,Professor
86158720,afleis3t,National Technical University (Kharkiv Polytechnical Institute),Registered Nurse
83631623,dcleal3u,Inchon National University of Education,Software Consultant
13470659,dlippini3v,Al-Farabi Kazakh National University,Senior Editor
80607047,swylam3w,York College Nebraska,General Manager
26094096,icurror3x,The McGregor School of Antioch University,Actuary
53743173,jvinnick3y,Manipur University,Structural Engineer
88716524,cstutt3z,Universidad Maritima de Chile,Automation Specialist IV
12007199,forringe40,Ningbo University of Technology,Administrative Officer
25262220,fpitrasso41,European University Cyprus,Executive Secretary
35483891,lpace42,Ecole Nationale Supérieure de Chimie de Clermont-Ferrand,Account Executive
21912593,mcruttenden43,Keisen Jogaku-en College,Analog Circuit Design manager
30824705,adencs44,Assosa University,Clinical Specialist
95977717,hbuddleigh45,Katholieke Universiteit Brussel,Junior Executive
84804145,gramberg46,Rasmussen College,Senior Sales Associate
38286932,bvalett47,Abilene Christian University,Occupational Therapist
94500805,tfalco48,Trinity University School of Medicine,Teacher
79010129,kfollit49,University of Science and Technology Beijing,Actuary
12122930,dlangman4a,Engineering College of Aarhus,Physical Therapy Assistant
11925967,aflood4b,Oakland University,Programmer Analyst IV
33844013,mkolyagin4c,Universiti Industri Selangor,Web Developer II
25647697,mmilton4d,Isra University,Business Systems Development Analyst
73406891,gspratling4e,University of Central Oklahoma,VP Sales
84699472,dmcmeekan4f,University of Presov,VP Accounting
25285697,gshearstone4g,Asia Pacific Institute of Information Technology Pakistan (APIIT PAK),Physical Therapy Assistant
84205118,vgorry4h,Université de Ouagadougou,Chemical Engineer
75392008,lbrodeur4i,Technische Universität Berlin,VP Product Management
48238291,arandalston4j,Jain Vishva Bharati Institute,Quality Engineer
87503297,mcasement4k,Universidad de Cuenca,Technical Writer
46984768,cwedon4l,All India Institute of Medical Sciences,Systems Administrator III
67547717,igras4m,Ursuline College,Web Designer III
59407362,jspurgeon4n,Toyohashi University of Technology,Nurse
88577448,cbyfield4o,"Institute of Teachers Education, Sultan Abdul Halim",Administrative Officer
25552952,fkilrow4p,"Troy University, Montgomery",Structural Analysis Engineer
67398074,mdannehl4q,Alice-Salomon-Fachhochschule für Sozialarbeit und Sozialpädagogik Berlin,Internal Auditor
28527509,gdowrey4r,Kyoto Sangyo University,Account Executive
88851922,dbrazier4s,Fachhochschule Potsdam,Health Coach IV
38774099,lscamwell4t,Asahikawa University,Marketing Manager
45902813,gadriaan4u,Gifu University,Analyst Programmer
70512453,cdewberry4v,Shanghai TieDao University,Budget/Accounting Analyst III
77219931,cbriar4w,Universidad Comunera,Recruiter
74873733,fvamplers4x,Ulyanovsk State Technical University,Pharmacist
36276757,dwaddilove4y,University of Melbourne,Staff Scientist
96350838,tharmes4z,Petronas Technology University,Quality Control Specialist
39886350,rpleaden50,Hamilton Technical College,Human Resources Assistant IV
13321187,lmerredy51,Karpagam University,Help Desk Operator
87875029,czuker52,Boricua College,Account Coordinator
91917172,pjoan53,Fukushima Medical College,VP Quality Control
59649232,eclayworth54,Stenden University,Technical Writer
75582116,dsuerz55,Southwestern Adventist University,Quality Control Specialist
55450043,faffron56,Gulf Medical University,Data Coordiator
32513626,agarlee57,Al-Bukhari International University,Chief Design Engineer
76889627,hstieger58,Osaka Women's University,Structural Engineer
72440069,lcolyer59,Brac University,Budget/Accounting Analyst IV
27971138,fsaintpierre5a,University of Mary Hardin-Baylor,Budget/Accounting Analyst II
94818275,omacfayden5b,Seoul Teological University,Senior Quality Engineer
95501252,rsiddell5c,Barat College,Help Desk Technician
86100181,ssimonin5d,Universidade Paulista,Media Manager IV
48190983,dfeaveer5e,Masinde Muliro University of Science and Technology,Account Coordinator
28201100,apetford5f,University of Berne,Financial Analyst
76083009,vfigg5g,Ecole Supérieure de Commerce de Toulouse,Geological Engineer
19393241,lveltmann5h,Alkharj University,Design Engineer
79860717,rmcmonnies5i,"Universidad Laica ""Vicente Rocafuerte"" de Guayaquil",GIS Technical Architect
16164523,aspratling5j,European University Portugal,Structural Engineer
54851493,sfeild5k,Cologne Business School,Speech Pathologist
71825425,ayven5l,University of Glamorgan,Research Associate
83045118,imattacks5m,Graduate University for Advanced Studies,Business Systems Development Analyst
48625997,timeson5n,Midland Lutheran College,Nurse
76396163,fginnally5o,Gunma University,Health Coach III
33213163,ddurdy5p,Technological University (Kalay),Developer IV
24676593,dwermerling5q,Università Pontifcia Salesiana,Account Executive
73305606,kwoodyer5r,Ecole Polytechnique Marseille,Accounting Assistant I
66843219,sogilvy5s,Universidad de Cartagena,Financial Advisor
43729090,akienzle5t,"Institute of Advanced Legal Studies, University of London",Human Resources Assistant I
97450754,glambrook5u,Tomsk State University of Architecture and Building,Senior Sales Associate
68587522,btooley5v,Universidad Católica del Oriente,Occupational Therapist
56994024,vgerauld5w,Grand View College,Structural Analysis Engineer
79906380,sbuglass5x,National University of Defense Technology,Tax Accountant
24737872,psmewin5y,Free Will Baptist Bible College,Project Manager
11529415,sbenedit5z,University of Leeds,Physical Therapy Assistant
54406823,dpurrington60,Izhevsk State Technical University,Chemical Engineer
78720805,eofinan61,Texas A&M University - Galveston,Recruiter
46431480,ltousey62,Katholieke Universiteit Leuven,Administrative Assistant III
78401126,ekleinhaut63,Soai University,Speech Pathologist
42637237,dsmelley64,Kyushu Dental College,Senior Cost Accountant
35634569,tdiano65,Université d'Aix-Marseille III,Geological Engineer
81236905,kdomone66,Universidad Popular de Nicaragua (UPONIC),Senior Developer
41772630,ealtham67,"University of Wales, Newport",Social Worker
16220744,wpatel68,Otto-Friedrich Universität Bamberg,Human Resources Assistant III
55501078,greglar69,Université de Gafsa,Quality Control Specialist
58825339,clangley6a,Asa University Bangladesh,Clinical Specialist
46841300,dhentzeler6b,Union College Kentucky,Financial Advisor
31520638,bwaddie6c,State University of Aerospace Technologies,Nurse
35180362,nstorror6d,Ecole Superieur d'Ingenieurs Leonard de Vinci,Web Designer III
36578968,rmelpuss6e,Universite Amadou Hampaté Ba,Software Consultant
29503173,ccostain6f,Standford Online University,VP Accounting
93970252,dburbury6g,Université Dakar Bourguiba,Compensation Analyst
14383879,jcovolini6h,Andon College - Modesto,VP Marketing
20497592,dpurton6i,Sree Sankaracharya University of Sanskrit,Nurse
29013883,swurz6j,Universidad del Caribe,VP Product Management
11770091,atrotter6k,University of New York Tirana,Accounting Assistant I
48394506,acatterill6l,Aichi Institute of Technology,VP Sales
16621569,dparham6m,University of Dallas,Software Engineer II
37779395,ahegden6n,University of Guyana,Statistician I
36246569,bbrownsett6o,Great Lakes Christian College,Director of Sales
82379852,rduchesne6p,"Islamic Azad University, Hamedan",Operator
81337236,beverson6q,Tumkur University,GIS Technical Architect
70924476,pbachellier6r,Bunkyo University,Registered Nurse
29755388,vtole6s,"Universidad Católica Boliviana, Cochabamba",Staff Scientist
13195025,rkilrow6t,St. Joseph's College New York,General Manager
75393495,dtokley6u,Kazan State Pedagogical University,Senior Developer
64026479,lcarver6v,Central Luzon State University,Senior Sales Associate
73313698,bsoan6w,Higher School of Economics,Structural Analysis Engineer
73973376,sherley6x,"Arab Open University, Kuwait Branch",Compensation Analyst
60579959,mbickell6y,Instituto Tecnologico de Minatitlan,Software Engineer I
65157145,tkidstoun6z,University of Szczecin,Structural Engineer
90384463,drodolf70,University of Alaska (System),Legal Assistant
28046337,kdilleston71,Beijing University of Science and Technology,Biostatistician IV
37717828,cballe72,California State Polytechnic University - Pomona,Teacher
94213238,orosenqvist73,Minamikyushu University,Design Engineer
25200165,ihalsworth74,Pontifcia Universitas Lateranensis,Help Desk Operator
54473724,bbrister75,University College of Nabi Akram,Editor
44005998,bpeck76,"California State University, Northridge",Librarian
60800207,tfinders77,Far Eastern University,Financial Advisor
37345841,jivanets78,Kamchatka State University Vitus Bering,Senior Developer
18202011,ghugin79,International Business School Kelajak ILMI,Media Manager I
91772656,ariddiford7a,International University of Sarajevo,Product Engineer
30705989,dgronno7b,"Islamic Azad University, Kazeron",Teacher
73694401,zarkin7c,Sri Krishnadevaraya University,Desktop Support Technician
20680176,pcolson7d,Mandhu College,VP Sales
77490720,pdiamond7e,HWP - Hamburger Universität für Wirtschaft und Politik,Analog Circuit Design manager
55669192,npeverell7f,Baqai Medical University,Research Assistant III
22420563,lhembry7g,Aktau State University,Quality Control Specialist
28751120,ghains7h,Seoul National University of Education,Actuary
47884407,lleask7i,"Mahatma Gandhi University, Kerala",Junior Executive
95664587,delt7j,Instituto Superior de Ciênicas e Tecnologia de Moçambique,Financial Advisor
96597879,aonele7k,Holy Angel University,Analog Circuit Design manager
89494556,acutbirth7l,Kuban State University of Agriculture,Mechanical Systems Engineer
75518177,nannakin7m,Pennsylvania Institute of Technology,Social Worker
60724817,avasyukov7n,Technical University of Mombasa,Business Systems Development Analyst
16153450,kbowbrick7o,Fachhochschule Heidelberg,Librarian
97093546,mplaistowe7p,International University,Assistant Manager
27509090,rwoodings7q,European Humanities University,Senior Cost Accountant
78281779,mdytham7r,"Institute of Teachers Education, Tuanku Bainun",Account Coordinator
82417167,jseamarke7s,PTPL College,Account Executive
31313601,mleary7t,University of Dar Es Salaam,Help Desk Operator
65496040,pfellows7u,Metropolitan State University,Financial Advisor
56555715,fmulgrew7v,Neijiang Teacher University,Cost Accountant
17657971,mpredohl7w,Universidade Estadual do Norte Fluminense,Help Desk Operator
16074517,gasman7x,Webster University,Professor
93192365,sleijs7y,O'More College of Design,Staff Accountant IV
72189967,kend7z,Rollins College,Programmer Analyst III
97669929,adoers80,Midland Lutheran College,Accountant III
41309230,abamling81,St. Petersburg State University of Telecommunication,Administrative Officer
11745039,pshearsby82,Mandhu College,Operator
79894729,fshiliton83,New College of California,Systems Administrator II
66026662,dtessyman84,Chungnam National University,Registered Nurse
72921713,jhune85,"Rasmussen College, Florida Campuses",Programmer IV
49833733,btankin86,University of Health Sciences Antigua,VP Sales
84021651,ccrombleholme87,Africa Nazarene University,Director of Sales
57220405,bcheltnam88,Caucasus University,Environmental Tech
98442337,gpozzo89,Universidad Autónoma Juan Misael Saracho,GIS Technical Architect
65217991,wbeazer8a,Brunswick Community College,Nurse
10260495,sseabrocke8b,Ghulam Ishaq Khan Institute of Science & Technology,Software Consultant
40638607,emcpaik8c,Sultan Salahuddin Abdul Aziz Shah Polytechnic,Registered Nurse
62364669,fhalfacre8d,Berry College,Information Systems Manager
18583263,wpatise8e,Ecole Nationale Supérieure d'Electrochimie et d'Electrométallurgie de Gernoble,Project Manager
78163134,mwicher8f,Tianjin Normal University,Senior Sales Associate
68777434,bmorrow8g,Chelsea College of Art and Design,Clinical Specialist
37513625,lgauch8h,"Long Island University, Southampton College",Cost Accountant
84840445,jgodby8i,Elmhurst College,Engineer I
92667966,lglashby8j,College of Mount St. Vincent,Associate Professor
33111887,kgoroni8k,Jagiellonian University Cracow,Structural Analysis Engineer
15679877,jkaines8l,University Medical School of Debrecen,Account Executive
12834444,mleftwich8m,Carroll College Waukesha,Developer I
24877334,oforlonge8n,Lindsey Wilson College,Analyst Programmer
74059160,jziemecki8o,California College of Arts and Crafts,Staff Scientist
68622458,rschwandt8p,Universidad Regiomontana,Physical Therapy Assistant
11482760,whaggarth8q,University of Messina,Data Coordiator
83842966,cpash8r,Tohoku Bunka Gakuen University,Compensation Analyst
68262123,bodonoghue8s,Shenyang Institute of Chemical Technology,Developer IV
28907084,vharryman8t,Jahrom University of Medical Sciences,Human Resources Manager
53277217,btrighton8u,Southern University - New Orleans,Actuary
40930059,cbathowe8v,Universidade Católica de Moçambique,VP Product Management
99556138,galbisser8w,Nortre Dame Seishin University,VP Quality Control
92361006,rochiltree8x,Stenden University,Social Worker
63412888,sgittis8y,California College of Podiatric Medicine,GIS Technical Architect
68543875,amctavy8z,Christian Heritage College,Assistant Professor
42418667,tbarr90,Columbus University,Account Coordinator
66250703,bbastide91,Clearwater Christian College,Electrical Engineer
81244951,mpurdey92,Universitas Negeri Gorontalo,Data Coordiator
15473155,flinklet93,University of Otago,Dental Hygienist
90958885,lennever94,Kansas State University,Professor
27098429,wmotten95,"Universidad ""Arturo Prat""",Business Systems Development Analyst
90150972,cguillet96,Open University of Sudan (OUS),Help Desk Technician
36994776,jgaukroger97,Université Libre de Bruxelles,Quality Engineer
69599180,alanceter98,Lillehammer University College,Desktop Support Technician
23346142,hrigge99,"Islamic Azad University, Sowmesara",Web Designer I
67178268,rollet9a,Pak-AIMS (American Institute of Management Sciences),Geologist II
36992149,rgerrie9b,Jilin University of Technology,Geological Engineer
37092028,sgrimley9c,Institute of Business Administration (IBA),Business Systems Development Analyst
67715495,waddyman9d,Shuchiin College,Human Resources Manager
44996064,vdadamo9e,Universidade Jean Piaget de Cabo Verde,Senior Developer
67151687,hmcindoe9f,Hungarian Academy of Craft and Design,Media Manager I
86235466,mgasgarth9g,Gunma University,Structural Analysis Engineer
79252364,ssmaridge9h,Universidad Empresarial Siglio 21,Cost Accountant
49561603,msieb9i,Tianjin University of Technology,Geological Engineer
84622747,agilkes9j,Universidad Luterana Salvadorena,Quality Control Specialist
86668776,lpenson9k,Universidade Atlântica,Marketing Manager
19402843,dlabbey9l,Växjö University,Sales Representative
16496466,rstarrs9m,"Mahatma Gandhi University, Kerala",Financial Advisor
50410093,mseniour9n,Hokkaido University,Internal Auditor
18768086,dbeurich9o,Acharya Ranga Agricultural University,Chemical Engineer
85237186,cmardee9p,College in Sládkovičovo,Social Worker
56214101,rsargood9q,University of Kirkuk,Senior Developer
50190481,bbrindle9r,Gubkin Russian State University of Oil and Gas,Associate Professor
56452944,lgallally9s,Uttarakhand Technical University,Recruiting Manager
71851300,koduilleain9t,Ecole Normale Supérieure de Cachan,Accountant III
71691945,tlebel9u,Art Institute of Southern California,Information Systems Manager
58439569,vleaver9v,Sheikhbahaee University,Dental Hygienist
95141880,mbadder9w,Baptist Bible College of Pennsylvania,Research Associate
28502861,bfritche9x,National University of Management,Product Engineer
60551871,cmontague9y,Georgia State University,Systems Administrator II
14050023,nerickson9z,Jordan Academy of Music / Higher Institute of Music,VP Marketing
29716019,hvasyutkina0,Chungnam National University,Human Resources Manager
91670430,csimiolia1,Jönköping University College of Health Sciences,Legal Assistant
75276588,ecameratia2,Kent State University - Tuscarawas,Budget/Accounting Analyst II
56378508,virona3,Universidad Isaac Newton,Marketing Manager
68608795,sjonsona4,State University of New York College at Cortland,Accountant I
94472744,mdurransa5,Lindsey Wilson College,Web Designer I
48787228,gbrimminga6,Fachhochschule München,Recruiting Manager
91623315,mpostgatea7,French University in Armenia (UFAR),Recruiting Manager
92829128,jardernea8,"Sofia University ""St. Kliment Ohridski""",Occupational Therapist
74435998,dgeorgeaua9,"Universidad de Puerto Rico, Cayey",Programmer III
37095933,mrennockaa,Mara Poly-Tech College,Food Chemist
20969137,ldonaldab,Northeastern State University,Chief Design Engineer
63584248,dquadriac,Gulf University for Science and Technology,Biostatistician III
14824714,jgranead,Nova Southeastern University,Web Developer II
72808037,bbarnhamae,University of South Africa,Senior Sales Associate
55162411,ndjurkovicaf,Université Paris Nord (Paris XIII),Social Worker
91621953,fhartfleetag,Beijing Foreign Studies University,Clinical Specialist
50430152,hgalbrethah,Delta State University,Staff Scientist
71501386,mdurransai,Kogakuin University,Legal Assistant
41706117,amacphersonaj,Universidad Nacional San Luis Gonzaga,Registered Nurse
31679056,tstrongmanak,Imo State University,Automation Specialist IV
30049621,rgyseal,IDRAC (Institut de recherche en action commerciale),Statistician III
33376084,gitzkovskyam,Mahatma Gandhi Chitrakut Gramoday University,Research Assistant IV
19048669,ldumbartonan,Okayama Prefectural University,Information Systems Manager
94327533,edrayao,"Hochschule Anhalt (FH), Hochschule für angewandte Wissenschaften",Social Worker
84750754,efawcknerap,Afyon Kocatepe University,Compensation Analyst
96476072,jmickelwrightaq,Chungbuk National University,Software Engineer III
30418997,bbrissonar,Cumhuriyet (Republik) University,Analyst Programmer
49661935,dgothrupas,Ecole Supérieure de Commerce de Nantes-Atlantique,Help Desk Technician
66730401,larchambaultat,Matn University,Engineer IV
40347048,gbreedsau,Eastern Kentucky University,Administrative Assistant III
27401017,ecadmanav,Ashton College,Sales Associate
92833081,hjurczikaw,Hope Africa University,Statistician IV
74630117,gdrewryax,Nugaal University,Assistant Manager
62931364,shenfreay,Universidad Nacional de Chimborazo,VP Quality Control
86858320,gaveriesaz,Kibi International University,Assistant Professor
15056374,kkittowb0,British Columbia Institute of Technology,Analyst Programmer
42948459,fhoppnerb1,Njala University,Geological Engineer
80160220,mraistonb2,"Islamic Azad University, Janah",Associate Professor
88545320,ncottesfordb3,University of Latvia,Social Worker
99417627,cstrowthersb4,Tokyo College of Music,Staff Accountant IV
76278273,jyegoshinb5,University of Lethbridge,Quality Engineer
22084978,cdowningb6,Heilongjiang August 1st Reclamation University,Chemical Engineer
34793183,jduddleb7,Silpakorn University,Senior Quality Engineer
11818105,bellifb8,Northern Virginia Community College,Editor
12630351,hreddingb9,Carroll College Waukesha,Community Outreach Specialist
12151848,aeldersba,University of Central Punjab,Engineer II
33494567,fsheeresbb,Sri Venkateswara University,Structural Analysis Engineer
10893117,ashreevesbc,Universidad Mexicana del Noreste,Cost Accountant
20821141,rdewdneybd,Shanghai University of Traditional Chinese Medicine and Pharmacology,Assistant Manager
72465815,rseerbe,Loughborough University,Software Engineer III
81788823,tdenningbf,Universidad Tecnológica Nacional,Professor
78502166,maldhambg,Merkur Internationale FH Karlsruhe,Sales Associate
56236447,dandrewbh,Lazarski School of Commerce and Law,Mechanical Systems Engineer
80345853,ccluttenbi,Samford University,Account Coordinator
70638537,mgerssambj,Centro Universitario Villanueva,Occupational Therapist
41497558,shaglandbk,Frostburg State University,Safety Technician II
76102644,hcrockettbl,Université de La Rochelle,Associate Professor
84546129,fgostridgebm,Nuclear Institute for Agriculture and Biology (NIAB),Financial Advisor
18023637,bhoffbn,Universidad Evangélica de El Salvador,Account Coordinator
73373121,dcridlonbo,Universidad del Aconcagua,Senior Editor
78219635,tgerinbp,University of Sulaimania (Kurdistan Region),Information Systems Manager
35147527,kmolsonbq,Ecole Supérieure de Commerce de Sophia Antipolis,General Manager
25446828,pkunklerbr,Norfolk State University,Data Coordiator
21207995,bmunbybs,Carlow Institute of Technology,Technical Writer
95658391,jsaziobt,Escuela Superior de Gestion Comercial y Marketing (ESIC),Staff Accountant IV
41688474,sbalazinbu,Webb Institute,Analog Circuit Design manager
36205677,wkeuningbv,Universidad de Vigo,Nurse
73054624,lbartabw,Taoist College Singapore,Social Worker
40913600,adackombebx,Hungarian Academy of Craft and Design,Geologist II
44441541,gturfreyby,Sabzevar School of Medical Sciences,Community Outreach Specialist
26317536,gguitonneaubz,Technische Universität Chemnitz,VP Quality Control
85631498,hcollinettec0,Kohat University of Science and Technology  (KUST),Help Desk Technician
38051231,mroskeillyc1,University Goce Delcev,Software Consultant
62192434,mgiacobboc2,Agricultural University of Lublin,Desktop Support Technician
13659008,wfostenc3,Chamreun University of Poly Technology,Pharmacist
81774925,llonghornec4,Free University of Tbilisi,Analog Circuit Design manager
77327476,wgyrgorwicxc5,"Washington State University, Vancouver",Product Engineer
65742137,mdomekc6,Moscow University Touro,General Manager
23467648,nguitonneauc7,Sree Rama Krishna Degree College,Web Designer I
65108720,lminihanec8,Fachhochschule Heidelberg,Community Outreach Specialist
28587389,wfearnsidesc9,Katholische Fachhochschule Norddeutschland,General Manager
63603401,ddevanneyca,Regis College,Health Coach I
87350995,efalkindercb,California Institute of the Arts,Account Representative III
79337314,lleadscc,Liaquat University of Medical & Health Sciences Jamshoro,Account Representative I
16007851,cboxecd,Hanoi Medical University,Senior Developer
36230115,cpryorce,Staszic Pila College,VP Quality Control
34382560,aslydecf,Institute of Social Studies,Research Associate
31680415,rcarnamancg,Universiti Tun Abdul Razak,Web Developer IV
67098425,gskoatech,Erciyes University,Pharmacist
59538797,pmartinelloci,Centre Universitaire d'Oum El Bouaghi,VP Quality Control
83711667,bramardcj,Universidad Nacional de Tres de Febrero,GIS Technical Architect
61391128,jdenyaginck,Universidad de El Salvador,Data Coordiator
38794033,rgwinncl,Idaho State University,Accounting Assistant III
93750049,fkeldcm,"American University of the Caribbean, Sint Maarten",Junior Executive
56085809,jsavinecn,Vanguard University of Southern California,Editor
81664793,adightonco,Harbin Medical University,Systems Administrator I
96663810,lletchcp,Agnes Scott College,Registered Nurse
16305186,mkenefordecq,Escuela Politécnica Nacional,Automation Specialist I
39824377,rhoylandcr,Samarkand State University,Account Coordinator
21628490,jfrangellocs,Andrzej Frycz Modrzewski Cracow College,Software Test Engineer II
92948249,jfleemanct,The Art Institutes International Portland,Civil Engineer
70545604,amalmarcu,Universidade Federal do Acre,Research Associate
50173093,ksiggscv,Oklahoma Christian University,VP Sales
18115561,sdomengetcw,Université de Versailles Saint-Quentin-en-Yvelines,Staff Scientist
66038682,tshawcx,Osmania University,Web Designer I
58127780,aaronowitzcy,St. Joseph's College,Research Associate
46503144,rpeirsoncz,Dalian Medical University,Information Systems Manager
30745249,kboustredd0,Delaware State University,Sales Representative
12032756,cscynerd1,Hasselt University,Environmental Tech
18561757,dnovicd2,Fort Valley State College,Programmer Analyst IV
60245273,msthilld3,Universidad Tecnológica Metropolitana,GIS Technical Architect
48599818,goakenfalld4,Tsinghua University,Physical Therapy Assistant
97680109,bhowlandd5,Geneva Business School,Web Designer III
62167725,rsawtelld6,Philippine Military Academy,Human Resources Manager
71544909,ssharvilld7,Riyadh College of Dentistry and Pharmacy,Senior Cost Accountant
73188912,ckennewayd8,Royal College of Art,Administrative Officer
51583600,llourencod9,Morehouse School of Medicine,Mechanical Systems Engineer
45243015,tcartmanda,Lancaster University Ghana,Financial Advisor
54412195,cstrobanddb,Tiffin University,Operator
87776486,kpechandc,Universidad Isaac Newton,Accounting Assistant III
14675864,lmencidd,Ecole Supérieure de Commerce de Toulouse,Financial Analyst
38273753,tjaquemarde,Assam Agricultural University,Senior Developer
10956236,rjacqueminetdf,North Carolina Wesleyan College,Assistant Manager
45792982,tcorrigandg,Universidade Federal do Vale do São Francisco,Information Systems Manager
92512831,rfittalldh,Aga Khan University,Associate Professor
65509840,bfrancoisdi,Universidad Nacional Siglo XX Llallagua,Programmer III
81631853,lcorderoydj,Technische Universität Ilmenau,Junior Executive
93332276,nkefforddk,Ummah University,Quality Control Specialist
61111993,acradeydl,European Management Center Paris,Safety Technician II
83644988,bglasperdm,Universidad de León,Programmer Analyst III
26102455,aghidottidn,Universidade Federal de Sergipe,Software Engineer II
79325295,ktuffreydo,"Escuela de Policia ""General Santander""",VP Quality Control
76060029,cprynnedp,Technische Universität Dresden,Chief Design Engineer
65907658,dcransondq,Fundacion Escuela Colombiana de Rehabiliación,Research Assistant I
24720744,pgimblettdr,National University of Laos,Technical Writer
42505304,hdurtnelds,William Woods University,Marketing Manager
54083722,solenchenkodt,Universitas Kediri,Administrative Assistant IV
42884095,tarmsbydu,Kyushu Dental College,Junior Executive
25350799,thayerdv,Université de Picardie Jules-Verne,General Manager
33803819,jfranydw,Universidad Católica de Santiago del Estero,Community Outreach Specialist
41402601,jcastridx,St. Norbert College,Research Nurse
50045776,yclendennendy,Agricultural-Technical Academy in Olsztyn,Biostatistician II
26831970,ffavilldz,Bharath Institue Of Higher Education & Research,Social Worker
30633269,whoviee0,Annamalai University,Nuclear Power Engineer
72596302,ecarcasse1,Mount Royal College,Statistician III
24794246,jpauline2,Pan-African University,Chemical Engineer
51600706,dpeetermanne3,Al al-Bayt University,Marketing Assistant
75596857,djoncice4,Holy Spirit University of Kaslik,Mechanical Systems Engineer
91399169,nlachezee5,Instituto Universitario de Estudios Navales y Marítimos,Occupational Therapist
14724568,dsloanee6,"Islamic Azad University, Roodehen",Legal Assistant
33449407,tgiacomellie7,Sapporo International University,Software Engineer III
29317627,mcatchesidee8,Universität für Bodenkultur Wien,Environmental Tech
24993250,tyerralle9,Universidad de La Habana,Statistician I
72739554,wcromblehomeea,Tibet University of Nationalities,Nuclear Power Engineer
34885399,ghurnelleb,Oberlin College,Senior Sales Associate
65613879,gbuckieec,"Islamic Azad University, Falavarjan ",Research Assistant IV
15505848,morsmaned,Universidade de Alfenas,Food Chemist
98642733,jmoaksonee,"Dubna International University for Nature, Society and Man",Research Assistant III
23564643,cpatemanef,Russell Berrie Nanotechnology Institute,Technical Writer
71524876,gbassoeg,Norwegian State Academy of Music,Senior Financial Analyst
83764364,emonteeh,Fred Hutchinson Cancer Research Center,Chemical Engineer
32911954,alurcockei,City University College of Science and Technology,Marketing Assistant
15658104,cjanochej,Universidad de La Guajira,Automation Specialist I
55763583,amallallek,Universidad Veracruzana,Account Coordinator
27766365,mweltonel,Texas College,Administrative Assistant I
89380147,cstoodersem,Tansian University,Project Manager
96053579,bganingen,University of Human Development (Kurdistan Region),Technical Writer
10238002,bsandsallaneo,Osaka Prefectural University,Staff Accountant I
42165169,jholdforthep,Volgograd State Technical University,Help Desk Operator
34000907,kgundaeq,University of Texas Health Center at Tyler,VP Quality Control
66160596,ddiangeloer,Al Yarmouk University College,Geological Engineer
35398846,nranahanes,Shah Abdul Latif University Khairpur,Editor
41374781,cdochartyet,St. Cloud State University,Computer Systems Analyst I
31743087,halldreeu,Reformed Church University,Registered Nurse
16034184,rmarklinev,Universidad Mexicana del Noreste,Staff Accountant IV
57416452,nelphew,Northeastern University,Assistant Manager
90990221,mscraggsex,Staffordshire University,Human Resources Manager
60350228,nbaumertey,"Deutsch-Ordens Fachhochschule Riedlingen, Hochschule für Wirtschaft",Desktop Support Technician
98290063,bbrymhamez,Norwich University,Software Consultant
63391393,feilerf0,University of Rochester,Accountant III
57820165,rparamanf1,Samar State University,Marketing Assistant
56523795,aobellf2,Université Catholique de Bukavu,Help Desk Technician
31586179,rdanielssonf3,Institut Teknologi Bandung,Professor
62017695,kfaughnanf4,Kannada University,Research Assistant IV
97959977,hwinterburnf5,University of Osijek,VP Marketing
93990391,eewdalef6,Shizuoka Prefectural University,Environmental Tech
25110240,eingledewf7,Nazarene Bible College,Junior Executive
90825546,bdickerlinef8,Instituto de Enseñanza Superior del Ejército,Operator
93411959,cdavisonf9,Technological Education Institute of Lamia,Clinical Specialist
59013516,salessandruccifa,Regent International University,Registered Nurse
52047405,dmallabonefb,Tohoku Institute of Technology,Sales Representative
58004563,credittfc,National College for Medical and Technical Studies,Biostatistician I
52141535,jleyrroydfd,"Universidad Técnica ""Federico Santa María""",Junior Executive
44898707,apaysfe,International University of Sarajevo,Automation Specialist I
46378169,cporchff,Mary Washington College,VP Accounting
86704972,dkaddfg,Ho Chi Minh City University of Foreign Languages and Information Technology,Recruiter
47249971,cpartlettfh,Benedictine College,Web Developer I
37273264,trawlefi,National Academy for Physical Education and Sports Bucharest,GIS Technical Architect
50199552,ndigginsonfj,University of South Carolina - Lancaster,Internal Auditor
21488204,jshardfk,Universidad Católica Madre y Maestra,Biostatistician IV
98402894,coenefl,Fachhochschule Niederrhein,Office Assistant II
12063955,clevershafm,Universidade Federal do Rio Grande do Norte,Chief Design Engineer
79522838,vhunnywellfn,Fort Valley State College,Analog Circuit Design manager
92935162,vsokalefo,"University of the East, Coloocan",Administrative Officer
46887964,jarnsonfp,State University of New York at Stony Brook,Dental Hygienist
95555639,mchilesfq,Mehran University of Engineering & Technology,Biostatistician III
41652632,chrusfr,Musashino Art University,Help Desk Operator
63144441,pheikkinenfs,Samara State University of Economics,Professor
74833026,llegisterft,Claremont Graduate University,Human Resources Assistant IV
67834434,mbachelarfu,Private FernFachhochschule Darmstadt,Web Developer I
96119298,rkeggfv,Universidad San Marcos,Professor
77799531,gbroadheadfw,Universitas Wisnuwardhana,Help Desk Technician
15228825,atunuyfx,Université Mouloud Mammeri de Tizi Ouzou,Tax Accountant
17856776,fbisphamfy,Milwaukee Institute of Art and Design,VP Sales
23785587,amontfz,Changchun University of Technology,General Manager
30853203,stumberg0,Pädagogische Hochschule Freiburg,Actuary
71924349,ariditchg1,University of Southern Maine,Speech Pathologist
15096967,tchittieg2,Phillips University,Nuclear Power Engineer
81201822,amaddigang3,Jazan University,Analog Circuit Design manager
69598024,liglesiasg4,Kobe University of Mercantile Marine,Developer I
18227362,srableyg5,Universidad de la Tercera Edad,Junior Executive
94447004,jkneeg6,Doane College,Desktop Support Technician
92172324,apitkaithlyg7,"Skyline University College, Sharjah",Senior Financial Analyst
78239780,spaskerfulg8,Beijing New Asia University,Financial Advisor
38799276,rcanningsg9,University of Windsor,Marketing Assistant
21214425,aheartfieldga,University of Southern Mindanao,Actuary
97933099,ktonbyegb,Conservatoire National des Arts et Métiers,Registered Nurse
56357760,apercifullgc,Southeast University,Web Developer II
84015315,mstrelitzgd,"California State University, Fresno",Nurse Practicioner
90954807,dshanklege,Abubakar Tafawa Balewa University,Operator
50928282,opetrovskygf,Umutara Polytechnic,Project Manager
50352724,ncancellorgg,Université du Sahel,Product Engineer
50976578,ascotchmurgh,Mahsa University College for Health and Medical Science,Staff Scientist
22389378,cstillmangi,Sung Kyun Kwan University,Actuary
63147614,rhansegj,Kyoto Prefectural University,VP Accounting
39119452,blonglandsgk,Universidad Comunera,Accountant I
38079277,jvarndallgl,Universidad Católica Santa María La Antigua,Safety Technician II
98120449,idanielskygm,Wilberforce University,Budget/Accounting Analyst I
91220376,lnerneygn,Al Fashir University,Media Manager IV
37315957,bmccuffiego,Yakutsk State University,Internal Auditor
36977029,gdesesquellegp,Qufu Normal University,Recruiter
64062011,rdrinkalegq,Lutheran Bible Institute of Seattle,Data Coordiator
98912673,scowiegr,University of Richmond,Graphic Designer
94498480,xdehoochgs,Universidade de Guarulhos,Developer I
20691035,mizkoviczgt,University of Saint La Salle,Account Representative III
10867474,aheathcottgu,MacEwan University,VP Sales
24379579,tgimbergv,Hokkaido University of Health Sciences,Product Engineer
33461810,gbolensgw,Tashkent Pharmaceutical Institute,Recruiter
22449310,ccadamygx,Brescia University,Engineer II
46434490,btemplmangy,Guilford College,Media Manager IV
97251399,nbordisgz,Baku State University,Database Administrator IV
69616812,hcostanzah0,Mekelle Institute of Technology,Director of Sales
94922703,dbarnsh1,Indian Law Institue,Research Nurse
76748253,mrowberryh2,Eastern Virginia Medical School,Executive Secretary
97208369,ahamnerh3,Internationale Fachhochschule Bad Honnef,Desktop Support Technician
57552921,myvenh4,Columbia Southern University,Pharmacist
31410355,ditzaksonh5,Southeastern Louisiana University,Biostatistician II
62914611,pgennerichh6,Al-Quds Open University,Database Administrator I
84995618,seldersh7,Newports Institute of Communication & Economics,Dental Hygienist
84310661,vrennekeh8,Université Panthéon-Assas (Paris II),Developer III
50824325,nmcclarenh9,University of Health and Science,Business Systems Development Analyst
71324960,ryeolandha,Ondo State University of Science and Technology,Quality Control Specialist
29517371,tshermehb,Ama International University,VP Quality Control
80911556,omcgibbonhc,Art Institute of Charlotte,Account Coordinator
95325828,gisaksonhd,Saad College of Nursing and Allied Health Sciences,Data Coordiator
43998030,mmaccaighe,Bluffton College,Associate Professor
70546274,cthirsthf,Lagrange College,VP Sales
89488629,vbrindhg,Yanbu Industrial College,Compensation Analyst
77661964,sstrowanhh,"California State University, Dominguez Hills",Staff Accountant IV
13543270,bmogerhi,"Fachhochschule Reutlingen, Hochschule für Technik und Wirtschaft",Structural Engineer
11748532,lchevinhj,Dallas Christian College,Internal Auditor
15262840,aubsdallhk,William Gilbert College,Chief Design Engineer
57488382,reliothl,Politeknik Negeri Pontianak,Technical Writer
98976923,fmacmechanhm,Technical University of Crete,Analog Circuit Design manager
78551423,jwisdomhn,Université de Djibouti,VP Product Management
24272147,hwithurho,Lucerne University of Applied Sciences and Arts ,Staff Scientist
32827547,rkearnhp,San Francisco Art Institute,Quality Engineer
22520986,icrockenhq,Jimei University,Information Systems Manager
12184327,mferronethr,Qinghai Radio & Television University,Professor
82832592,jadamollihs,Calvary Bible College,Administrative Officer
77255905,whaestierht,Riga Teacher Training and Educational Management Academy,VP Sales
41504929,ggodfreyhu,University of Khartoum,Account Representative IV
45787451,okilminsterhv,Instituto Tecnológico de Aguascalientes,Design Engineer
62853320,ccorwoodhw,University of Southern Mississippi,Financial Advisor
70981684,dnancarrowhx,Chittagong Independent University,Programmer III
38090050,hrandlesonhy,Centro Universitário Plinio Leite,Analog Circuit Design manager
53305616,sdominikhz,Private College of Dentistry and Pharmacy,Product Engineer
85206404,cmarkovici0,Warsaw School of Information Technology,Human Resources Manager
81101435,jwooffitti1,Shannon College of Hotel Management,Occupational Therapist
25062927,ptoppingi2,Military University Shoumen,Desktop Support Technician
83211198,fbourthoumieuxi3,Payap University Chaiang Mai,Compensation Analyst
26405025,rcollomossei4,"Swiss Federal Institute of Technology, Zurich",Project Manager
65279156,gsnoddeni5,Northwestern University,VP Sales
18707100,hmilellai6,Grand View College,Desktop Support Technician
36258356,gfogeli7,"Universidad de Puerto Rico, Arecibo",Assistant Professor
37955596,otonnai8,Bukkyo University,Help Desk Operator
20988935,ekloisneri9,Assam University,Assistant Professor
67841238,mfarnsworthia,London School of Business & Finance,Nurse
54402530,cmorrowib,Shandong Normal University,Compensation Analyst
40721676,zdragonetteic,Earlham College,Analyst Programmer
50668476,rrouxid,University of Sassari,Desktop Support Technician
52683104,plivettie,Université d'Aix-Marseille III,Operator
94525855,tchaslesif,Auburn University,Statistician I
37487562,tearsmanig,Hefei University of Technology,Administrative Officer
99300701,msilverstoneih,University of Teramo,Legal Assistant
31661966,dhutableii,Universidad de Palermo,Product Engineer
40676348,bdufoureij,Pennsylvania State University Great Valley,Clinical Specialist
51012980,ehaselik,Kaya University,Paralegal
20477921,tforkeril,Shanghai Sipo Polytechnic,Staff Accountant I
81089085,rpopleim,Pennsylvania State University Great Valley,General Manager
32324519,jmcphaterin,Ecole Mohammadia d'Ingénieurs,Senior Sales Associate
68612901,imcenhillio,St. Ambrose University,Physical Therapy Assistant
74668316,vcuncarrip,Govind Ballabh Pant University of Agriculture and Technology,Director of Sales
93347729,awiggintoniq,Universidad Autónoma del Estado de Morelos,Staff Accountant III
15697221,mwiginir,Shanxi Agricultural University,Payment Adjustment Coordinator
15110290,akneathis,Université de Bouaké,Civil Engineer
52784015,mhefferanit,St. Mary's College of Maryland,Payment Adjustment Coordinator
58402717,bdriffilliu,West Virginia University Institute of Technology,Sales Associate
42099998,kledruniv,York College of Pennsylvania,Administrative Assistant I
25016994,awingariw,Chongqing Technology and Business University,Nurse Practicioner
38573592,acrossix,Moscow State Automobile and Road Technical University,VP Marketing
74227175,jdelahayiy,University College Dublin,Senior Developer
95266295,mseamonsiz,Saint Ferdinand College,Marketing Assistant
90472231,rsneesbyj0,Applied Science University,Project Manager
86307657,afrostickj1,University of Agriculture and Veterinary Medicine Cluj-Napoca,Senior Developer
87799206,lsunshinej2,Georgia Health Sciences University,Community Outreach Specialist
55153463,jrobichonj3,Immaculata University,Food Chemist
16580977,cnarduccij4,Purdue University Calumet,Desktop Support Technician
92215300,byerringtonj5,Slippery Rock University,Web Designer I
43933199,hbaptyj6,Kyushu Women's University,Internal Auditor
89812679,adantonioj7,New England Conservatory of Music,Senior Quality Engineer
77298912,ncocherj8,Harare Institute of Technology,Business Systems Development Analyst
80578468,emaxworthyj9,Colorado Technical University,Financial Advisor
67825387,llippingwellja,Bowling Green State University,Assistant Media Planner
19577245,gspencejb,University of Hargeisa,Executive Secretary
31877355,dcrinagejc,Oakton Community College,Marketing Manager
30554586,clogiejd,"College of Science, Baghdad University",Web Developer II
17836903,sfalloonje,Bayan College for Science & Technology,Financial Analyst
62993969,hmaymandjf,El Colegio de México,Administrative Officer
40729942,cwhitwelljg,Pacific Oaks College,Web Designer II
15466967,shalsteadjh,Universidad Anáhuac,Executive Secretary
86961700,tmcloneyji,Imam Reza University,Account Representative IV
17325940,dshovlarjj,University of Trieste,Chief Design Engineer
73743941,jbeamandjk,Universidad Católica Popular del Risaralda,Assistant Media Planner
77615828,fpaschojl,University of South Australia,Sales Associate
90690414,fblackstockjm,Sumy National Agrarian University,Engineer I
18266226,xharbertsonjn,"Institute of Teachers Education, Sultan Mizan",Business Systems Development Analyst
61624276,kticicjo,European Academy of Arts in Warsaw,Structural Engineer
14174118,ghouldjp,Mawlana Bhashani Science And Technology University,Sales Associate
81738775,jmallionjq,Université de Sidi-Bel-Abbès (Djillali Liabès),Staff Accountant II
90407886,cizodjr,"University of Maine, Orono",GIS Technical Architect
82343773,shallwelljs,Hyupsung University,Sales Representative
38139842,btucknuttjt,Dowling College,Recruiter
29802745,ivandijkju,Banaras Hindu University,Web Developer IV
15962868,ftimblettjv,STMIK AMIKOM Yogyakarta,Senior Quality Engineer
21015409,llubyjw,Chang Gung University,Internal Auditor
68060432,pkeniwelljx,"Schiller International University, American College of Switzerland",Civil Engineer
51421440,crawlinsjy,"Universidad de Artes, Ciencias y Comunicación",Paralegal
24987850,sbordissjz,Zhongnan University of Technology,Account Coordinator
53647658,madamkiewiczk0,Universidad Andina Simón Bolivar,Safety Technician IV
85966136,tsteuartk1,Kwansei Gakuin University,Data Coordiator
69036792,jjuzak2,Shri Mata Vaishno Devi University,Technical Writer
12712790,lwillmontk3,Institut Teknologi Adhi Tama Surabaya,Financial Analyst
85260001,bescudierk4,"Music Academy ""Ignacy Jana Paderewski"" in Poznan",Cost Accountant
40140728,cmayersk5,Royal College of Physicians of Ireland,Automation Specialist III
12429847,trosek6,"Islamic Azad University, Varamin",General Manager
19558606,bbendsonk7,Cleveland Institute of Music,Desktop Support Technician
15496842,kericksonk8,Harbin Normal University,Occupational Therapist
83433185,nbeckwithk9,Ecole Nationale Supérieure Electricité et Mécanique,Legal Assistant
46008419,rhainsworthka,Università Bocconi,Research Nurse
90394202,cbucknillkb,Notre Dame University,Food Chemist
63867565,jbarnhamkc,Al-Quds Open University,Analog Circuit Design manager
95223529,ebarbiekd,"Troy University, Montgomery",Operator
22416533,asinkinske,Prince of Songkla University,Marketing Manager
72839858,lextencekf,International School of Business Management,Design Engineer
89512088,gmurrumkg,St. Joseph College,Analog Circuit Design manager
91308790,dwallworkkh,Mekelle Institute of Technology,VP Marketing
84136110,lspradeki,Technical University of Crete,Senior Financial Analyst
71564052,jnovellokj,Universidade Federal de Pelotas,Assistant Media Planner
26587148,pbelsherkk,University of Veterinary Medicine in Kosice,Compensation Analyst
56402542,despinozakl,"Queen Mary and Westfield College, University of London",Payment Adjustment Coordinator
49151786,amacalorenkm,"California State University, Sacramento",Civil Engineer
88423253,cpipetkn,Carroll College Helena,Civil Engineer
60620861,mmeako,"City University of New York, Queens College",Staff Scientist
89493928,mbrionkp,Fachhochschule Oldenburg/Ostfriesland/Wilhelmshaven,Health Coach IV
87845540,flucykq,Maine College of Art,Electrical Engineer
31316829,glillowkr,"City University of New York, Lehman College",Help Desk Technician
78298586,bmckeaveneyks,Baikal National University of Economics and Law,Structural Analysis Engineer
72468869,epaolikt,Green Mountain College,Sales Representative
92054544,rodoku,Ural State Academy of Railway Transport,VP Marketing
19475228,dpetticrewkv,Jain Vishva Bharati Institute,Recruiting Manager
62871592,arunnettkw,Universidade Eduardo Mondlane,Civil Engineer
86775191,dagerskowkx,Universidad Cristiana de las Asambleas de Dios,Statistician IV
86672123,amoubrayky,Sri Sathya Sai Institute of Higher Learning,Administrative Assistant I
57662720,bprekz,Kent State University - Trumbull,Internal Auditor
36191817,gcutmerel0,"Universidad Autónoma del Beni ""José Ballivián""",Marketing Assistant
11376578,tsandcroftl1,Hemwati Nandan Bahuguna Garhwal University,Environmental Tech
24180250,dslimml2,Universidad Piloto de Colombia,Information Systems Manager
19033787,kabyssl3,Astrakhan State University,Dental Hygienist
73279396,dcasewelll4,Christopher Newport University,Tax Accountant
81209698,rlanferel5,Tenri University,Safety Technician III
62024528,kkulverl6,The Dickinson School of Law,Senior Financial Analyst
18816541,bcastanedal7,Taisho University,Business Systems Development Analyst
78351808,mtomadonil8,Veer Surendra Sai University of Technology,Teacher
65218561,mmanbyl9,Institucion Universitaria de Envigado,Programmer Analyst IV
18310141,kboswardla,Iwate University,Actuary
71112706,kaismanlb,International Kazakh-Turkish University,Chemical Engineer
46534807,jdinsalelc,Universidad San Juan de la Cruz,Data Coordiator
60510998,khullettld,Prague Institute of Chemical Technology,Programmer Analyst II
55592765,jshovlarle,Saint Paul University,Chief Design Engineer
82889534,clacrouxlf,Université de Gafsa,Systems Administrator III
32845321,opardoelg,Volga State Academy of Water Transport,Software Test Engineer III
15231171,ebromheadlh,Northeast Normal University,Senior Cost Accountant
11546522,czorerli,Texas A&M University - Corpus Christi,Senior Quality Engineer
48000847,sjevonlj,ITT Technical Institute West Covina,Information Systems Manager
34871510,kspearslk,Technical University of Cracow,Marketing Manager
92894607,cnovicll,Universitas Sriwijaya,Civil Engineer
55103501,mmatieulm,Evangelische Fachhochschule Rheinland-Westfalen-Lippe,Web Designer I
64947368,pstrangewayln,Universitas Mataram,Junior Executive
52202594,gpotteridgelo,Nugaal University,Compensation Analyst
24546626,mgalleylp,Widener University,Dental Hygienist
58991371,ieastoplq,Hampton University,Research Associate
34398069,stunylr,National University of Singapore,Software Engineer I
22655753,lcraikls,Hodeidah University,Tax Accountant
50470465,mpiotrkowskilt,Bogor Agricultural University,Graphic Designer
24753345,cshotboultelu,Old Dominion University,Professor
56816911,semerlv,Ehime University,Junior Executive
78115597,dfauxlw,Université Stendhal (Grenoble III),VP Accounting
30172656,esharpelx,Shikoku Christian College,Graphic Designer
53061793,hhuxsteply,Blekinge Institute of Technology,Mechanical Systems Engineer
90515562,lgavaranlz,United International University,Help Desk Technician
51499996,jtookm0,Evergreen State College,Food Chemist
90024655,rsouthworthm1,Radboud University of Nijmegen,Junior Executive
33459036,gkornelukm2,Uludag University,Product Engineer
46155110,hfordem3,Oita University,Analyst Programmer
60953081,lbracchim4,Middle Tennessee State University,Speech Pathologist
50411480,creddickm5,Simmons College,Editor
16651181,awandrachm6,Technical University of Liberec,Chemical Engineer
34329760,mthyngm7,Universidade Federal da Grande Dourados,Physical Therapy Assistant
11188484,mcleevelym8,Springfield College,VP Product Management
96195243,jsamsm9,Fort Lewis College,Staff Accountant I
67870803,dpitcaithlyma,Universidad Privada del Este,GIS Technical Architect
71424787,hspiviemb,Southern Wesleyan University,Geologist I
48278853,eoggmc,College of St. Mary,Database Administrator II
33309815,isoarsmd,"Dubna International University for Nature, Society and Man",Dental Hygienist
77027115,khamsharme,Kalmyk State University,Administrative Assistant II
20331450,stomaskovmf,Springfield College,Developer IV
21291535,twinspearemg,Institut Teknologi Telkom,Analog Circuit Design manager
28646746,cbettmh,Technical University of Crete,Business Systems Development Analyst
26941491,kjacquotmi,Sudan University for Science and Technology,Nurse
22768617,dmckyrrellymj,University of Belgrade,Structural Engineer
24782922,agoginmk,Malayer University,VP Marketing
41187912,qmahodyml,Elmira College,Food Chemist
43952311,bdelaneymm,Universitas Muhammadiyah Jember,Programmer Analyst I
48875511,cbreakspearmn,"King's College London, University of London",Senior Developer
57393235,zbartlomiejczykmo,University of Suceava,Senior Sales Associate
87379617,tdadleymp,Vietnam Maritime University,Safety Technician IV
60676489,hlandormq,Women's University in Africa,Research Assistant III
36016869,bcordermr,Ecole Mohammadia d'Ingénieurs,Environmental Tech
34975884,fhamesms,ABTI American University of Nigeria,Safety Technician I
53735929,jgeckmt,Anna Maria College,Staff Scientist
75316346,pmeneomu,Notre Dame College,Quality Control Specialist
17714122,odassindalemv,State University of West Georgia,Help Desk Technician
19309316,wdahmelmw,Medizinische Hochschule Hannover,VP Product Management
85301900,fcrucemx,Bindura University of Science Education,Structural Analysis Engineer
52686962,celmoremy,National Kaohsiung University of Applied Sciences,Executive Secretary
55933855,ntripeanmz,Rybinsk State Academy of Aviational Technology,Desktop Support Technician
48681204,mhuetsonn0,Lawrence University,Sales Associate
52915998,bdeakinsn1,"New York University, Abu Dhabi",Recruiter
97651297,wmarlern2,Al Muthanna University,Account Executive
42715801,ashaveln3,Ishinomaki Senshu University,Project Manager
26022387,cgregoracin4,Catholic University of Korea,Administrative Officer
15430788,btarquinion5,Shanghai University of Engineering Science,Health Coach III
45221570,nhannibaln6,University Oil- Gas Ploiesti,Assistant Media Planner
47819571,eyoslowitzn7,"University of California, Santa Barbara",Nuclear Power Engineer
96099549,dabelen8,Université Louis Pasteur (Strasbourg I),Internal Auditor
12517262,shullinsn9,University of Basrah,Engineer II
49812688,ejoena,Hebei United University,Web Designer II
53516291,csheircliffenb,Université de Fianarantsoa,Information Systems Manager
90734227,loughnc,Fachhochschule St. Pölten,Junior Executive
84151959,fpenrethnd,Floret Global University,Legal Assistant
75222952,jmuffne,Norwegian College of Veterinary Medicine,Marketing Manager
60921062,mbiscombnf,Universidade Metropolitana de Angola,Account Representative III
43740186,afealyng,Catawba College,Tax Accountant
74469457,bbretellenh,Universidad de Belgrano,Media Manager II
24396376,dpendallni,Universiti Malaya,Professor
92892231,telgramnj,Fort Lewis College,Web Designer I
31057864,nlyenyngnk,"Universidad Centroamericana ""José Simeón Canas""",Paralegal
54766650,gfearneynl,Dublin Institute for Advanced Studies,Internal Auditor
40956674,obarenm,Fort Valley State College,Accountant I
80039359,bclingannn,Reformed Church University,Senior Developer
20850479,gfoxallno,Universidad Mexicana,Human Resources Assistant II
46081819,erouselnp,"Institute of Teachers Education, Sultan Abdul Halim",VP Marketing
66385222,bberndtssennq,Atyrau State University,Account Executive
72396228,djorionr,Alexandria University,Graphic Designer
74705013,rhansodns,Marian College,Sales Associate
70390587,ggohiernt,Universitas Semarang,Account Coordinator
90603531,gchaperlingnu,Tokushima University,Data Coordiator
23919274,pwemnv,Fukuoka Women's University,Web Designer II
21505701,arobetnw,University of Da Nang,Junior Executive
71007621,jtraharnx,Ecole Centrale d'Electronique - ECE,Geological Engineer
46893837,lmcgenisny,Poltava National Technical University,Human Resources Assistant II
57381134,vryallnz,University of Texas Health Center at Tyler,Accounting Assistant II
98959249,lmacmechano0,Osaka University,Budget/Accounting Analyst IV
14465545,rmccaugheyo1,Lincoln University,Nurse
29777851,acovelyo2,"Warburg Institute, University of London",Administrative Assistant III
47369195,dduffano3,Yalova University,Associate Professor
53440024,dfaircleyo4,University of New England,Nurse
40387072,bavanno5,State University of New York College of Environmental Science and Forestry,Budget/Accounting Analyst II
91708604,dthodayo6,Afyon Kocatepe University,Help Desk Technician
52361798,aconnowo7,Hogeschool Inholland,Financial Analyst
48366252,mbufferyo8,"École Polytechnique de Montréal, Université de Montréal",Account Coordinator
94093175,djinkinsono9,Mills Grae University,GIS Technical Architect
77998929,cparadineoa,Universidad Adolfo Ibáñez,GIS Technical Architect
60138233,mlogesob,St. Joseph's College,VP Quality Control
57135134,mwinthropoc,Universidad Academia de Humanismo Cristiano,Account Executive
29965264,classeyod,Universidad Autónoma del Estado de Hidalgo,Web Designer III
81208820,hjellingsoe,Moscow Institute of Physics and Technology,Legal Assistant
33841759,bgabbottof,Zhejiang University of Technology,Speech Pathologist
21219231,ajesteog,China Foreign Affairs University,Assistant Media Planner
14138511,iroughtoh,"Universidad Tecnologica ""Vicente Perez Rosales""",Research Associate
59727421,nmullenderoi,Kyoto University,Software Consultant
54906727,sferraracciooj,Estonian Academy of Music and Theatre,Accountant III
56406642,hdowneyok,Universidad Autonoma Monterrey,Human Resources Assistant IV
36034313,jripsherol,University of Oulu,VP Accounting
23178904,jlorkinom,Universiti Darul Iman,Office Assistant II
11133363,benevoldsenon,College of Mount St. Joseph,Food Chemist
25557973,jgiraudouxoo,Cagayan State University,Junior Executive
82210147,dplaideop,University of Dongola,General Manager
20974174,mpyleoq,John Marshall Law School,Software Consultant
91841624,ewildenor,Université du Québec en Abitibi-Témiscamingue,VP Accounting
73297048,rshakesbyos,Universidad Academia de Humanismo Cristiano,Editor
60886607,rbevarot,Bluffton College,Recruiting Manager
63536319,rgorvinou,Victoria University of Wellington,Teacher
67992624,achinneryov,Hungarian Academy of Fine Arts Budapest,Executive Secretary
21734057,jmurrigansow,"St. Francis College, Brooklyn Heights",Financial Analyst
13927737,rtreadgearox,Fachhochschule Kärnten,Paralegal
96326481,jduckworthoy,Wilbur Wright College,Statistician III
93012983,rmackeeveroz,St. Petersburg State University of Culture and Arts,Biostatistician I
56517156,hspillingp0,North Carolina Agricultural and Technical State University,Quality Engineer
32832864,stamblynp1,Kangnam University,Administrative Officer
70547556,ekyntonp2,Ege University,Marketing Assistant
80223366,nlerep3,Karachi Institute of Information Technology,Programmer Analyst IV
98340096,aspreadburyp4,Kwan Dong University,Web Designer I
59317714,dshufflebothamp5,Vietnam National University Ho Chi Minh City,Software Engineer I
80743038,pcasarilip6,Wilmington College,Web Designer IV
91040566,rharwinp7,"Rasmussen College, North Dakota Campuses",Chemical Engineer
29706369,lshortinp8,Knowledge International University,Pharmacist
20323734,dmaccumiskeyp9,Institut Commercial de Nancy,Administrative Assistant II
87539356,bredemilepa,Zambian Open University,VP Accounting
22634937,vminchindonpb,California School of Professional Psychology - Berkley/Alameda,Tax Accountant
25251254,hgyvespc,Universidade Santa Cecília dos Bandeirantes,Nuclear Power Engineer
53575372,spenvarnepd,Yangtze Normal University,VP Product Management
69507701,acobbingpe,"International University of Fundamental Studies, St. Petersburg",Cost Accountant
64431934,kdimentpf,London School of Business & Finance,Mechanical Systems Engineer
17062732,jkindlepg,Centro Universitário Serra dos Órgãos,Account Coordinator
17125877,rtwiddellph,Illinois School of Professional Psychology - Meadows Campus,Clinical Specialist
35435528,spaulinopi,California Institute of Integral Studies,Human Resources Assistant II
36541720,achaffpj,Ural State Academy of Architecture and Arts,Sales Associate
96791380,sflohardpk,Universität Bayreuth,Graphic Designer
80234189,pbythewaypl,Calumet College of St. Joseph,Operator
27359228,aomearapm,Université Lumière de Bujumbura,Financial Analyst
83373023,scoatsworthpn,Lagrange College,Systems Administrator IV
73784224,ailyuninpo,Austin Community College,Geological Engineer
60590739,yoxfordpp,Bob Jones University,VP Sales
90966493,agosdenpq,Moore College of Art and Design,Web Designer III
79481012,rbaythorppr,Oklahoma State University - Tulsa,Human Resources Assistant III
38635241,thopkynsps,College of the Rockies,Business Systems Development Analyst
61652287,hmatantsevpt,Francis Marion University,Mechanical Systems Engineer
87695949,clymerpu,Grace University,Human Resources Manager
35467979,rmaliapv,Universität Hildesheim,Technical Writer
94859940,dbruynspw,Hillsdale College,Web Developer IV
58879888,hcrackelpx,Université Dakar Bourguiba,Administrative Assistant I
76394326,ppawlickipy,Technische Fachhochschule Wildau,Account Coordinator
78677098,lbonnefinpz,Royal Military College of Canada,Chemical Engineer
63793533,shacksbyq0,Universidade de Itaúna,General Manager
12388893,ekayesq1,Technical University of Koszalin,Data Coordiator
51868974,ocrampseyq2,Instituto Tecnológico de Morelia,Software Engineer I
23912593,hpellewq3,Alcorn State University,Business Systems Development Analyst
79240128,pgewerq4,Insituto Universitario - Centro Latinoamericano de Economia Humana - IU Claeh,Food Chemist
55264371,haleksicq5,Ochanomizu Women's University,General Manager
99915522,lmorgansq6,Universitas 17 Agustus 1945 Samarinda,Compensation Analyst
21816051,csnaddinq7,Banaras Hindu University,Chief Design Engineer
36851430,epeartreeq8,Pondicherry University,Civil Engineer
74475806,mgoriq9,Belarussian National Technical University,Research Associate
33387111,pgoodaleqa,Kure University,General Manager
88889963,bsharmaqb,Instituto Superior de Gestão - ISG,Civil Engineer
44558875,cbattyeqc,Argosy University,Nurse Practicioner
87832660,rriggqd,Universidad de Morón,Safety Technician III
73253466,kpembertonqe,Carson-Newman College,Product Engineer
22458379,rhankeyqf,Fitchburg State College,Geologist III
15922591,pschuleqg,University of North Alabama,Environmental Specialist
82493297,jmckeadyqh,Heinrich-Heine Universität Düsseldorf,Operator
33459314,cdarwinqi,Université de N'Djamena,Senior Sales Associate
76084221,dlundyqj,COSMIQ Institute of Technology,Legal Assistant
35133225,elavaldeqk,Sarajevo Film Academy,Biostatistician I
54845882,mrozierql,Universidad Tecnológica Nacional,Product Engineer
83259135,smoldenqm,Universidad Católica de Santiago del Estero,Environmental Specialist
98247860,mgosnellqn,Andrew Jackson University,Assistant Manager
72595617,ebarbieqo,Karakoram International University,Professor
91291716,cmacneilageqp,Gangdara Institute Of Science & Technology,Research Assistant IV
47241003,jscottingqq,Pedagogical University of Kielce,Geological Engineer
46173898,jbenediktovichqr,Prince Sultan College for Tourism and Hotel Scinces,Programmer Analyst IV
10156699,bdymokeqs,Musashino Art University,Nuclear Power Engineer
26485847,lskellionqt,Vrije Universiteit Brussel,Geological Engineer
10431424,khirthequ,Russian State Geological Prospecting University ,Internal Auditor
69826797,phellierqv,Universidad San Pablo,Geologist III
19379268,bmossqw,University of Dubrovnik,Payment Adjustment Coordinator
30787783,sgrinyakinqx,University of Central Missouri,Cost Accountant
19188199,kwillersonqy,International Islamic University,Accountant III
11535843,gsimenelqz,University of Human Development (Kurdistan Region),Research Assistant II
98240803,xvamplusr0,International University of Novi Pazar,Nurse
90784885,iromaynr1,"University of California, San Diego",Analog Circuit Design manager
20257535,lbrydsonr2,National University of Science and Technology Bulawayo,Research Assistant II
86308187,fbeeversr3,Bard College,Office Assistant IV
58119904,rjavesr4,Trinity Theological Seminary,Tax Accountant
11943329,swordsleyr5,Universiti Pendidikan Sultan Idris,Tax Accountant
11575383,prozalskir6,Iglobal University,Senior Financial Analyst
65659921,keasonr7,Kurukshetra University,Financial Advisor
88040794,ibyrder8,Universidad de Cartago,Editor
37324932,ksivessr9,University of Gloucestershire,Software Engineer I
44104461,uburnerra,Theologische Fakultät Trier,Environmental Tech
86651422,cbrewinsrb,Central Institute of English and Foreign Languages,Programmer II
15718809,dgrayerrc,Boston University,Administrative Officer
24183548,abarmbyrd,Universidad Autónoma de Guadalajara,Community Outreach Specialist
57030224,sgashionre,University of Mostar,Statistician III
24965479,bplowmanrf,Ball State University,Financial Analyst
41014571,gbaxstairrg,Urmia University of Medical Sciences,Assistant Media Planner
23271376,sotteyrh,University of Iasi,Administrative Officer
73638965,dplaneri,Hasselt University,Information Systems Manager
14929088,vbunkerrj,Wheelock College,Marketing Assistant
19055413,tedgsonrk,Medical Academy in Lodz,Statistician II
50161000,rpetrushankorl,Gangdara Institute Of Science & Technology,Legal Assistant
38347445,rmacgianyrm,Agricultural University of Athens,Web Developer II
50242192,pneesonrn,Azerbaijan University ol Languages,Systems Administrator IV
83896487,pcussenro,Benue State University,VP Marketing
18508214,wheinorp,Auburn University,Quality Engineer
43500904,madnerq,Vitebsk State Academy of Veterinary Medicine,Social Worker
11687665,ddrirr,Universidad de las Américas,Information Systems Manager
