58197552,cminards0,University of Osijek,Editor
20520571,kchesher1,University of Nizwa,Legal Assistant
40408927,atesimon2,Engineering Faculty of Asian University,Nuclear Power Engineer
89933635,ebocking3,Sri Venkateswara University,Web Developer IV
49160699,vlimrick4,Haynal Imre University of Health Sciences Budapest,Paralegal
16912645,hdebrett5,University of La Verne,Account Representative IV
18344082,odiplock6,Université de la Reunion,Product Engineer
18131845,estempe7,University of Wisconsin - Whitewater,Recruiter
67867086,hplunket8,Universitas Muhammadiyah Mataram,Social Worker
47927117,xjonuzi9,Brac University,Structural Engineer
54643836,mmartinettoa,Hakuoh University,Account Coordinator
96716337,gslipperb,Case Western Reserve University,Analyst Programmer
81472652,cinkpinc,Mogilev State University A.A. Kuleshov,Editor
38779330,kohallihanee,Xi'an Academy of Fine Art,Programmer Analyst IV
91248433,smcpakef,Kharkiv National University of Economics,Analog Circuit Design manager
92318651,ccolbourng,Janos Selye University,Account Coordinator
46441468,schadwellh,College of Technology at Kharj,Compensation Analyst
89563969,evenusi,Southern Cross University,Environmental Specialist
25856301,lyuryatinj,Aichi Sangyo University,Marketing Manager
62840007,ebierk,Tyumen State Agricultural Academy,Associate Professor
14364277,rwatchornl,South China University of Technology,Account Coordinator
11012870,pkiggelm,Assumption University,Operator
64875035,fcoultousn,Ecole Superieure Robert de Sorbon,Actuary
24787104,cmateescuo,Maakhir University,Nurse
31811450,abrigdenp,Hanover College,Administrative Assistant I
29243278,kmilnesq,Universidad Nacional de La Plata,Junior Executive
86227462,lbonafantr,Ecole Supérieure de Commerce de Nantes-Atlantique,Mechanical Systems Engineer
25466924,smanhoods,University of Sassari,Chemical Engineer
96612256,jraggettt,Universidad Autónoma del Paraguay,Programmer III
73254068,smagrannellu,Tikrit University,Food Chemist
70908319,qperev,Moravian College,Software Engineer III
20641883,obuggx,Omar Al-Mukhtar University,Physical Therapy Assistant
43392209,kwearny,Erasmushogeschool Brussel,Accounting Assistant IV
68598303,mjandacz,King Abdul Aziz University,Computer Systems Analyst III
10387743,abreffit10,Fachhochschule Kiel,Civil Engineer
29582648,glumber11,Agricultural University of Lublin,Analog Circuit Design manager
51397977,eslowley12,Sohar University,Assistant Media Planner
33967038,jtaberer14,Indiana University - Southeast,Web Designer II
99911158,bjermyn15,Universitas Proklamasi 45,Account Coordinator
27913020,mabson16,Delta University,Mechanical Systems Engineer
13856168,hyouson17,Kazan State Finance and Economics Institute ,Internal Auditor
45610538,aklewer18,Marygrove College,Environmental Specialist
97723829,hnewstead19,PSG College of Technology,Human Resources Assistant IV
61495397,rraddin1a,Reformed Bible College,Graphic Designer
72607627,box1b,Universidad de Cartagena,Paralegal
10665516,ppierton1c,Universidade de Aveiro,Payment Adjustment Coordinator
93934680,lfrizzell1d,Royal College of Physicians of Ireland,Quality Control Specialist
83524227,mboise1e,International College,Health Coach II
15693056,ialexandre1f,Lake Erie College,Help Desk Technician
88807446,mmustarde1g,Universidad del Mayab,Research Associate
77921335,bdurie1h,Tobb Economics and Technology University,Structural Engineer
56446191,ghorbart1i,Poltava National Technical University,Operator
19057003,rloisi1j,Royal College of Physicians of Ireland,Budget/Accounting Analyst I
61543192,rbales1k,Tokai Women's College,Professor
47834012,nwhitwam1l,Fachhochschule Düsseldorf,Quality Engineer
82081451,jmelody1m,Escuela Superior de Gestion Comercial y Marketing (ESIC),Structural Engineer
29280324,tsouthway1n,Central European University,Legal Assistant
93594615,xjoddens1o,Louisiana State University and Agricultural and Mechanical College,Graphic Designer
45926225,ktresler1q,Seiwa College,Human Resources Assistant II
94530040,eloble1r,Kwassui Women's College,Assistant Manager
